{
  "model_type": "Random Forest",
  "test_mae": 6.905483167822228,
  "test_rmse": 18.619781441871393,
  "test_r2": 0.03422449892238322,
  "train_date": "2025-11-02 20:11:13",
  "features_count": 21,
  "training_samples": 570,
  "test_samples": 143
}